{
  "$schema": "./node_modules/nx/schemas/nx-schema.json",
  "namedInputs": {
    "default": ["{projectRoot}/**/*", "sharedGlobals"],
    "production": [
      "default",
      "!{projectRoot}/.eslintrc.json",
      "!{projectRoot}/eslint.config.js",
      "!{projectRoot}/**/?(*.)+(spec|test).[jt]s?(x)?(.snap)",
      "!{projectRoot}/tsconfig.spec.json",
      "!{projectRoot}/jest.config.[jt]s",
      "!{projectRoot}/src/test-setup.[jt]s",
      "!{projectRoot}/test-setup.[jt]s",
      "!{projectRoot}/cypress/**/*",
      "!{projectRoot}/**/*.cy.[jt]s?(x)",
      "!{projectRoot}/cypress.config.[jt]s",
      "!{projectRoot}/**/*.stories.@(js|jsx|ts|tsx|mdx)",
      "!{projectRoot}/.storybook/**/*",
      "!{projectRoot}/tsconfig.storybook.json"
    ],
    "sharedGlobals": []
  },
  "targetDefaults": {
    "@angular-devkit/build-angular:application": {
      "cache": true,
      "dependsOn": ["^build"],
      "inputs": ["production", "^production"]
    },
    "@nx/angular:ng-packagr-lite": {
      "cache": true,
      "dependsOn": ["^build"],
      "inputs": ["production", "^production"]
    },
    "build-storybook": {
      "cache": true,
      "inputs": [
        "default",
        "^production",
        "{projectRoot}/.storybook/**/*",
        "{projectRoot}/tsconfig.storybook.json"
      ]
    }
  },
  "plugins": [
    {
      "plugin": "@nx/eslint/plugin",
      "options": {
        "targetName": "lint"
      }
    },
    {
      "plugin": "@nx/jest/plugin",
      "options": {
        "targetName": "test"
      }
    },
    {
      "plugin": "@nx/cypress/plugin",
      "options": {
        "targetName": "e2e",
        "componentTestingTargetName": "component-test"
      }
    },
    {
      "plugin": "@nx/storybook/plugin",
      "options": {
        "buildStorybookTargetName": "build-storybook",
        "serveStorybookTargetName": "storybook",
        "testStorybookTargetName": "test-storybook",
        "staticStorybookTargetName": "static-storybook"
      }
    }
  ],
  "generators": {
    "@nx/angular:application": {
      "e2eTestRunner": "cypress",
      "linter": "eslint",
      "style": "scss",
      "prefix": "brew",
      "unitTestRunner": "jest"
    },
    "@nx/angular:library": {
      "linter": "eslint",
      "changeDetection": "OnPush",
      "unitTestRunner": "jest",
      "style": "scss",
      "buildable": true,
      "simpleName": true,
      "standalone": true,
      "prefix": "brew",
      "strict": true
    },
    "@nx/angular:component": {
      "style": "scss",
      "changeDetection": "OnPush",
      "prefix": "brew",
      "standalone": true
    }
  },
  "tasksRunnerOptions": {
    "default": {
      "options": {
        "cacheableOperations": ["build-storybook"]
      }
    }
  }
}
